infection_prob	prestige	size
0.1	2.23	0.7616487804878049
0.1	2.31	0.7612146341463415
0.1	3.52	0.7642536585365853
0.1	5.24	0.6906048780487805
0.1	6.12	0.7409951219512195
0.1	8.29	0.7548292682926828
0.1	9.28	0.7589756097560976
0.1	9.32	0.7424048780487805
0.1	9.98	0.6853756097560976
0.1	11.06	0.7360048780487805
0.1	13.43	0.7481365853658537
0.1	14.12	0.7381414634146343
0.1	15.31	0.7080975609756097
0.1	16.44	0.5774926829268293
0.1	17.82	0.6722585365853658
0.1	18.23	0.49697560975609745
0.1	18.82	0.5123463414634145
0.1	19.44	0.7222341463414634
0.1	21.92	0.5697463414634146
0.1	22.53	0.6777658536585366
0.1	24.79	0.7108975609756099
0.1	25.64	0.5319170731707317
0.1	26.17	0.5092
0.1	26.3	0.4345365853658536
0.1	26.95	0.6762487804878049
0.1	27.93	0.5597365853658537
0.1	28.65	0.685219512195122
0.1	29.37	0.6855902439024391
0.1	29.55	0.49618536585365847
0.1	30.5	0.2523073170731707
0.1	36.01	0.5707414634146342
0.1	37.36	0.4806097560975609
0.1	37.9	0.22106829268292683
0.1	38.11	0.4306731707317073
0.1	38.27	0.6074341463414633
0.1	38.94	0.515980487804878
0.1	39.69	0.6242243902439024
0.1	40.46	0.4046439024390243
0.1	40.57	0.2524390243902439
0.1	41.22	0.4674585365853658
0.1	42.17	0.5615951219512194
0.1	44.47	0.2928780487804878
0.1	46.4	0.24530243902439025
0.1	46.81	0.4748146341463414
0.1	51.73	0.17694634146341462
0.1	51.75	0.3575463414634146
0.1	54.86	0.06037560975609758
0.1	56.74	0.26520487804878046
0.1	56.76	0.22379512195121953
0.1	59.1	0.38433170731707317
0.1	61.39	0.24312682926829268
0.1	63.14	0.15694146341463416
0.1	64.97	0.03377073170731708
0.1	66.24	0.1447268292682927
0.1	67.81	0.40082439024390243
0.1	68.17	0.30713658536585364
0.1	69.84	0.19358536585365854
0.1	70.04	0.026487804878048783
0.1	70.82	0.1403170731707317
0.1	71.14	0.09841463414634147
0.1	74.4	0.09289268292682928
0.1	74.98	0.044360975609756104
0.1	75.2	0.09034634146341464
0.1	76.47	0.022653658536585367
0.1	78.54	0.05706829268292684
0.1	78.97	0.10889268292682928
0.1	79.33	0.1237658536585366
0.1	79.33	0.035146341463414645
0.1	79.49	0.17447804878048784
0.1	79.68	0.10974634146341464
0.1	80.22	0.11054146341463417
0.1	81.51	0.0635609756097561
0.1	81.65	0.05250243902439026
0.1	81.9	0.21146829268292683
0.1	82.16	0.1384878048780488
0.1	82.4	0.0903268292682927
0.1	83.35	0.06301463414634147
0.1	84.01	0.010151219512195123
0.1	84.55	0.013941463414634146
0.1	86.24	0.2495658536585366
0.1	87.19	0.025678048780487805
0.1	87.42	0.04344878048780488
0.1	87.49	0.158019512195122
0.1	87.66	0.025268292682926834
0.1	92.45	0.06422439024390245
0.1	92.5	0.049482926829268296
0.1	94.94	0.015351219512195122
0.1	97.34	0.15537560975609757
0.1	98.8	0.07009268292682927
0.1	99.58	0.05149268292682928
0.1	100.27	0.0993219512195122
0.1	100.62	0.079
0.1	100.9	0.0715219512195122
0.1	101.73	0.018765853658536585
0.1	101.86	0.07880487804878049
0.1	102.07	0.04013658536585366
0.1	102.17	0.06241463414634147
0.1	106.62	0.025463414634146343
0.1	107.42	0.03760000000000001
0.1	108.32	0.008019512195121953
0.1	108.71	0.009482926829268294
0.1	108.72	0.07250243902439024
0.1	109.31	0.05934146341463415
0.1	110.18	0.010658536585365854
0.1	111.94	0.06234634146341464
0.1	112.4	0.03831219512195123
0.1	113.61	0.03339024390243903
0.1	113.75	0.020526829268292687
0.1	113.87	0.041317073170731716
0.1	116.24	0.014326829268292684
0.1	116.75	0.1582926829268293
0.1	117.72	0.029292682926829273
0.1	119.03	0.010634146341463417
0.1	120.24	0.005482926829268292
0.1	120.85	0.008458536585365856
0.1	123.11	0.005995121951219513
0.1	124.35	0.05298048780487805
0.1	124.6	0.024375609756097563
0.1	125.51	0.025278048780487807
0.1	125.87	0.09299024390243903
0.1	126.0	0.00593170731707317
0.1	126.16	0.004878048780487805
0.1	126.69	0.01331219512195122
0.1	127.37	0.0784829268292683
0.1	127.72	0.011102439024390244
0.1	129.12	0.09400000000000001
0.1	130.03	0.017975609756097563
0.1	130.66	0.10341951219512195
0.1	130.86	0.012668292682926829
0.1	131.2	0.008897560975609757
0.1	133.22	0.010526829268292683
0.1	133.81	0.013473170731707316
0.1	134.13	0.0075219512195121956
0.1	134.48	0.0074975609756097565
0.1	135.62	0.004878048780487805
0.1	137.31	0.010790243902439024
0.1	137.49	0.009575609756097564
0.1	137.66	0.011292682926829268
0.1	137.87	0.06233658536585367
0.1	138.05	0.023536585365853662
0.1	138.72	0.013385365853658538
0.1	139.45	0.009619512195121954
0.1	139.97	0.006985365853658537
0.1	139.99	0.0054
0.1	140.75	0.007439024390243903
0.1	142.05	0.005824390243902439
0.1	142.2	0.055400000000000005
0.1	142.23	0.006331707317073171
0.1	143.2	0.004878048780487805
0.1	144.8	0.007141463414634146
0.1	145.24	0.0071268292682926835
0.1	145.66	0.09757560975609758
0.1	146.44	0.01684878048780488
0.1	146.5	0.02974634146341464
0.1	146.92	0.008726829268292683
0.1	148.23	0.02838536585365854
0.1	150.08	0.004878048780487805
0.1	150.95	0.004878048780487805
0.1	151.04	0.004878048780487805
0.1	151.45	0.06239024390243903
0.1	151.46	0.004878048780487805
0.1	151.76	0.007185365853658537
0.1	152.67	0.017678048780487808
0.1	153.44	0.007678048780487804
0.1	153.65	0.004878048780487805
0.1	154.88	0.03598048780487805
0.1	156.16	0.024478048780487805
0.1	156.35	0.006385365853658538
0.1	156.45	0.004878048780487805
0.1	156.98	0.0052878048780487805
0.1	157.66	0.006292682926829269
0.1	158.12	0.014453658536585366
0.1	159.2	0.005370731707317073
0.1	163.13	0.005399999999999999
0.1	163.79	0.004878048780487805
0.1	163.89	0.005282926829268293
0.1	164.22	0.014282926829268294
0.1	164.46	0.011741463414634147
0.1	164.68	0.004878048780487805
0.1	165.5	0.004878048780487805
0.1	166.53	0.005946341463414635
0.1	168.42	0.004878048780487805
0.1	169.02	0.0075024390243902455
0.1	169.16	0.004878048780487805
0.1	169.65	0.004878048780487805
0.1	169.71	0.004878048780487805
0.1	171.62	0.005331707317073171
0.1	171.68	0.01006829268292683
0.1	173.29	0.0053853658536585376
0.1	173.75	0.00827317073170732
0.1	174.47	0.005414634146341463
0.1	176.03	0.005331707317073171
0.1	178.55	0.005346341463414636
0.1	178.7	0.004878048780487805
0.1	178.73	0.004878048780487805
0.1	179.12	0.004878048780487805
0.1	179.97	0.004878048780487805
0.1	180.75	0.004878048780487805
0.1	181.14	0.004878048780487805
0.1	181.68	0.004878048780487805
0.1	182.16	0.004878048780487805
0.1	182.28	0.004878048780487805
0.1	182.47	0.004878048780487805
0.1	186.81	0.004878048780487805
0.1	186.84	0.004878048780487805
0.30000000000000004	2.23	0.9755073170731707
0.30000000000000004	2.31	0.9753121951219511
0.30000000000000004	3.52	0.9751317073170732
0.30000000000000004	5.24	0.9749609756097561
0.30000000000000004	6.12	0.9754146341463414
0.30000000000000004	8.29	0.9749365853658535
0.30000000000000004	9.28	0.9746731707317073
0.30000000000000004	9.32	0.9753707317073169
0.30000000000000004	9.98	0.9748634146341463
0.30000000000000004	11.06	0.975170731707317
0.30000000000000004	13.43	0.9748878048780487
0.30000000000000004	14.12	0.9750975609756096
0.30000000000000004	15.31	0.9753219512195122
0.30000000000000004	16.44	0.9748341463414634
0.30000000000000004	17.82	0.9754536585365854
0.30000000000000004	18.23	0.972370731707317
0.30000000000000004	18.82	0.9727463414634147
0.30000000000000004	19.44	0.9744878048780488
0.30000000000000004	21.92	0.9756487804878049
0.30000000000000004	22.53	0.9748487804878048
0.30000000000000004	24.79	0.9751268292682925
0.30000000000000004	25.64	0.9748292682926829
0.30000000000000004	26.17	0.973390243902439
0.30000000000000004	26.3	0.9683804878048781
0.30000000000000004	26.95	0.9755658536585367
0.30000000000000004	27.93	0.9748878048780486
0.30000000000000004	28.65	0.9757560975609756
0.30000000000000004	29.37	0.9752682926829268
0.30000000000000004	29.55	0.9750926829268292
0.30000000000000004	30.5	0.952219512195122
0.30000000000000004	36.01	0.9751609756097562
0.30000000000000004	37.36	0.9741512195121951
0.30000000000000004	37.9	0.8344146341463414
0.30000000000000004	38.11	0.9752878048780488
0.30000000000000004	38.27	0.9752634146341463
0.30000000000000004	38.94	0.9748390243902438
0.30000000000000004	39.69	0.974609756097561
0.30000000000000004	40.46	0.972341463414634
0.30000000000000004	40.57	0.9514243902439024
0.30000000000000004	41.22	0.9754634146341463
0.30000000000000004	42.17	0.9752195121951219
0.30000000000000004	44.47	0.9726585365853658
0.30000000000000004	46.4	0.9272878048780487
0.30000000000000004	46.81	0.9741414634146341
0.30000000000000004	51.73	0.7919121951219513
0.30000000000000004	51.75	0.9741121951219512
0.30000000000000004	54.86	0.7701658536585364
0.30000000000000004	56.74	0.9420390243902439
0.30000000000000004	56.76	0.9246536585365852
0.30000000000000004	59.1	0.9706878048780487
0.30000000000000004	61.39	0.9441609756097562
0.30000000000000004	63.14	0.9561414634146341
0.30000000000000004	64.97	0.48940487804878047
0.30000000000000004	66.24	0.8971999999999999
0.30000000000000004	67.81	0.9730585365853658
0.30000000000000004	68.17	0.9426585365853658
0.30000000000000004	69.84	0.954370731707317
0.30000000000000004	70.04	0.3114878048780488
0.30000000000000004	70.82	0.8879219512195122
0.30000000000000004	71.14	0.7728048780487804
0.30000000000000004	74.4	0.8242975609756097
0.30000000000000004	74.98	0.660390243902439
0.30000000000000004	75.2	0.815
0.30000000000000004	76.47	0.3568
0.30000000000000004	78.54	0.7198585365853659
0.30000000000000004	78.97	0.8851707317073171
0.30000000000000004	79.33	0.7964731707317073
0.30000000000000004	79.33	0.7037121951219513
0.30000000000000004	79.49	0.7476048780487805
0.30000000000000004	79.68	0.7564439024390244
0.30000000000000004	80.22	0.7056682926829267
0.30000000000000004	81.51	0.8035853658536585
0.30000000000000004	81.65	0.632180487804878
0.30000000000000004	81.9	0.9356487804878048
0.30000000000000004	82.16	0.8799219512195121
0.30000000000000004	82.4	0.364009756097561
0.30000000000000004	83.35	0.7305414634146341
0.30000000000000004	84.01	0.2464829268292683
0.30000000000000004	84.55	0.34422926829268297
0.30000000000000004	86.24	0.9609951219512195
0.30000000000000004	87.19	0.40861951219512194
0.30000000000000004	87.42	0.5051658536585365
0.30000000000000004	87.49	0.7528146341463414
0.30000000000000004	87.66	0.4570731707317072
0.30000000000000004	92.45	0.8187463414634146
0.30000000000000004	92.5	0.6602731707317073
0.30000000000000004	94.94	0.36498536585365854
0.30000000000000004	97.34	0.8685999999999999
0.30000000000000004	98.8	0.7657073170731706
0.30000000000000004	99.58	0.6996585365853659
0.30000000000000004	100.27	0.8104487804878049
0.30000000000000004	100.62	0.7273170731707317
0.30000000000000004	100.9	0.6198243902439023
0.30000000000000004	101.73	0.4709951219512195
0.30000000000000004	101.86	0.7809268292682927
0.30000000000000004	102.07	0.5101707317073171
0.30000000000000004	102.17	0.6411219512195121
0.30000000000000004	106.62	0.5393853658536585
0.30000000000000004	107.42	0.6399268292682927
0.30000000000000004	108.32	0.09334634146341463
0.30000000000000004	108.71	0.16986829268292683
0.30000000000000004	108.72	0.7767951219512195
0.30000000000000004	109.31	0.5706731707317073
0.30000000000000004	110.18	0.15192682926829268
0.30000000000000004	111.94	0.5940731707317073
0.30000000000000004	112.4	0.5394682926829268
0.30000000000000004	113.61	0.4388682926829268
0.30000000000000004	113.75	0.3693707317073171
0.30000000000000004	113.87	0.4102487804878049
0.30000000000000004	116.24	0.2644243902439024
0.30000000000000004	116.75	0.8620439024390244
0.30000000000000004	117.72	0.46052195121951217
0.30000000000000004	119.03	0.19693170731707318
0.30000000000000004	120.24	0.05901951219512196
0.30000000000000004	120.85	0.1769658536585366
0.30000000000000004	123.11	0.03541463414634147
0.30000000000000004	124.35	0.6437853658536585
0.30000000000000004	124.6	0.4350195121951219
0.30000000000000004	125.51	0.23774634146341464
0.30000000000000004	125.87	0.5326390243902439
0.30000000000000004	126.0	0.0077512195121951215
0.30000000000000004	126.16	0.004878048780487805
0.30000000000000004	126.69	0.2557756097560976
0.30000000000000004	127.37	0.34649756097560974
0.30000000000000004	127.72	0.21454146341463418
0.30000000000000004	129.12	0.7346048780487804
0.30000000000000004	130.03	0.30201463414634144
0.30000000000000004	130.66	0.6237560975609756
0.30000000000000004	130.86	0.2572
0.30000000000000004	131.2	0.13919512195121952
0.30000000000000004	133.22	0.21144878048780485
0.30000000000000004	133.81	0.19331219512195122
0.30000000000000004	134.13	0.08277560975609756
0.30000000000000004	134.48	0.138
0.30000000000000004	135.62	0.004878048780487805
0.30000000000000004	137.31	0.15308780487804877
0.30000000000000004	137.49	0.10877073170731709
0.30000000000000004	137.66	0.2317609756097561
0.30000000000000004	137.87	0.696209756097561
0.30000000000000004	138.05	0.47649756097560975
0.30000000000000004	138.72	0.2525707317073171
0.30000000000000004	139.45	0.19155121951219514
0.30000000000000004	139.97	0.14386341463414634
0.30000000000000004	139.99	0.006770731707317074
0.30000000000000004	140.75	0.10669268292682928
0.30000000000000004	142.05	0.03333658536585366
0.30000000000000004	142.2	0.3416341463414634
0.30000000000000004	142.23	0.09324390243902439
0.30000000000000004	143.2	0.004878048780487805
0.30000000000000004	144.8	0.1121609756097561
0.30000000000000004	145.24	0.1419219512195122
0.30000000000000004	145.66	0.5372780487804878
0.30000000000000004	146.44	0.28125365853658535
0.30000000000000004	146.5	0.3399463414634146
0.30000000000000004	146.92	0.04620487804878049
0.30000000000000004	148.23	0.37544390243902437
0.30000000000000004	150.08	0.004878048780487805
0.30000000000000004	150.95	0.004878048780487805
0.30000000000000004	151.04	0.004878048780487805
0.30000000000000004	151.45	0.5149609756097562
0.30000000000000004	151.46	0.004878048780487805
0.30000000000000004	151.76	0.08579024390243903
0.30000000000000004	152.67	0.26738048780487805
0.30000000000000004	153.44	0.10087804878048781
0.30000000000000004	153.65	0.004878048780487805
0.30000000000000004	154.88	0.35035609756097563
0.30000000000000004	156.16	0.2781658536585365
0.30000000000000004	156.35	0.08021951219512195
0.30000000000000004	156.45	0.004878048780487805
0.30000000000000004	156.98	0.006434146341463415
0.30000000000000004	157.66	0.04001951219512195
0.30000000000000004	158.12	0.2740487804878049
0.30000000000000004	159.2	0.0062
0.30000000000000004	163.13	0.006365853658536586
0.30000000000000004	163.79	0.004878048780487805
0.30000000000000004	163.89	0.006282926829268293
0.30000000000000004	164.22	0.1948780487804878
0.30000000000000004	164.46	0.17129756097560978
0.30000000000000004	164.68	0.004878048780487805
0.30000000000000004	165.5	0.004878048780487805
0.30000000000000004	166.53	0.053068292682926836
0.30000000000000004	168.42	0.004878048780487805
0.30000000000000004	169.02	0.11318536585365854
0.30000000000000004	169.16	0.004878048780487805
0.30000000000000004	169.65	0.004878048780487805
0.30000000000000004	169.71	0.004878048780487805
0.30000000000000004	171.62	0.006380487804878049
0.30000000000000004	171.68	0.1974048780487805
0.30000000000000004	173.29	0.11202439024390244
0.30000000000000004	173.75	0.14468780487804878
0.30000000000000004	174.47	0.006331707317073171
0.30000000000000004	176.03	0.006175609756097561
0.30000000000000004	178.55	0.006243902439024391
0.30000000000000004	178.7	0.004878048780487805
0.30000000000000004	178.73	0.004878048780487805
0.30000000000000004	179.12	0.004878048780487805
0.30000000000000004	179.97	0.004878048780487805
0.30000000000000004	180.75	0.004878048780487805
0.30000000000000004	181.14	0.004878048780487805
0.30000000000000004	181.68	0.004878048780487805
0.30000000000000004	182.16	0.004878048780487805
0.30000000000000004	182.28	0.004878048780487805
0.30000000000000004	182.47	0.004878048780487805
0.30000000000000004	186.81	0.004878048780487805
0.30000000000000004	186.84	0.004878048780487805
0.5	2.23	0.9954000000000001
0.5	2.31	0.9953902439024391
0.5	3.52	0.9951219512195122
0.5	5.24	0.9955121951219513
0.5	6.12	0.9953609756097562
0.5	8.29	0.9952780487804879
0.5	9.28	0.9952975609756097
0.5	9.32	0.9954146341463416
0.5	9.98	0.9952975609756098
0.5	11.06	0.9953073170731708
0.5	13.43	0.9951024390243902
0.5	14.12	0.9953219512195123
0.5	15.31	0.9955121951219513
0.5	16.44	0.9953121951219512
0.5	17.82	0.9954243902439025
0.5	18.23	0.9953853658536587
0.5	18.82	0.9953073170731709
0.5	19.44	0.995439024390244
0.5	21.92	0.995468292682927
0.5	22.53	0.9953951219512196
0.5	24.79	0.9951756097560976
0.5	25.64	0.9955024390243904
0.5	26.17	0.995229268292683
0.5	26.3	0.9954780487804878
0.5	26.95	0.9956341463414634
0.5	27.93	0.9956
0.5	28.65	0.9953512195121952
0.5	29.37	0.9954097560975611
0.5	29.55	0.9951804878048781
0.5	30.5	0.995419512195122
0.5	36.01	0.9955219512195123
0.5	37.36	0.9955560975609756
0.5	37.9	0.980839024390244
0.5	38.11	0.9953560975609758
0.5	38.27	0.9954536585365854
0.5	38.94	0.9953365853658537
0.5	39.69	0.9951658536585367
0.5	40.46	0.9954000000000001
0.5	40.57	0.9953317073170732
0.5	41.22	0.9953512195121953
0.5	42.17	0.9953756097560975
0.5	44.47	0.9956926829268293
0.5	46.4	0.9955170731707318
0.5	46.81	0.995209756097561
0.5	51.73	0.9760439024390244
0.5	51.75	0.9952390243902439
0.5	54.86	0.976868292682927
0.5	56.74	0.995419512195122
0.5	56.76	0.9943317073170733
0.5	59.1	0.9953219512195123
0.5	61.39	0.9952390243902439
0.5	63.14	0.9953853658536587
0.5	64.97	0.8557756097560976
0.5	66.24	0.9956243902439026
0.5	67.81	0.9953560975609758
0.5	68.17	0.9955121951219512
0.5	69.84	0.9958341463414636
0.5	70.04	0.6260048780487805
0.5	70.82	0.994609756097561
0.5	71.14	0.9737121951219513
0.5	74.4	0.9829658536585366
0.5	74.98	0.9472975609756097
0.5	75.2	0.9787512195121951
0.5	76.47	0.7439463414634147
0.5	78.54	0.9680243902439024
0.5	78.97	0.9955121951219513
0.5	79.33	0.9819268292682928
0.5	79.33	0.9803170731707319
0.5	79.49	0.9699804878048781
0.5	79.68	0.9888439024390244
0.5	80.22	0.9671560975609756
0.5	81.51	0.9898829268292683
0.5	81.65	0.9623073170731707
0.5	81.9	0.995439024390244
0.5	82.16	0.9943707317073172
0.5	82.4	0.7562341463414635
0.5	83.35	0.9741268292682927
0.5	84.01	0.5551999999999999
0.5	84.55	0.7127560975609756
0.5	86.24	0.9952926829268294
0.5	87.19	0.8510292682926829
0.5	87.42	0.816151219512195
0.5	87.49	0.9761951219512196
0.5	87.66	0.8096585365853658
0.5	92.45	0.9935951219512196
0.5	92.5	0.9463902439024391
0.5	94.94	0.8352
0.5	97.34	0.9936146341463415
0.5	98.8	0.9806780487804879
0.5	99.58	0.9523658536585367
0.5	100.27	0.9904731707317075
0.5	100.62	0.9744878048780488
0.5	100.9	0.9471414634146342
0.5	101.73	0.8714097560975611
0.5	101.86	0.9868292682926829
0.5	102.07	0.7979268292682926
0.5	102.17	0.9608341463414635
0.5	106.62	0.904219512195122
0.5	107.42	0.9544439024390244
0.5	108.32	0.47533658536585366
0.5	108.71	0.5067170731707317
0.5	108.72	0.9779463414634146
0.5	109.31	0.9149073170731707
0.5	110.18	0.4510926829268293
0.5	111.94	0.9274585365853659
0.5	112.4	0.9408439024390244
0.5	113.61	0.704570731707317
0.5	113.75	0.766429268292683
0.5	113.87	0.7901170731707317
0.5	116.24	0.5940682926829269
0.5	116.75	0.990819512195122
0.5	117.72	0.9144341463414635
0.5	119.03	0.5516536585365853
0.5	120.24	0.27015609756097564
0.5	120.85	0.5995121951219512
0.5	123.11	0.15463414634146344
0.5	124.35	0.9183463414634147
0.5	124.6	0.8870439024390244
0.5	125.51	0.48347804878048783
0.5	125.87	0.8808243902439024
0.5	126.0	0.00948780487804878
0.5	126.16	0.004878048780487805
0.5	126.69	0.7995365853658536
0.5	127.37	0.6029073170731707
0.5	127.72	0.6440634146341463
0.5	129.12	0.964780487804878
0.5	130.03	0.6378048780487804
0.5	130.66	0.9367317073170732
0.5	130.86	0.575439024390244
0.5	131.2	0.5316585365853658
0.5	133.22	0.4681560975609756
0.5	133.81	0.48785365853658536
0.5	134.13	0.27289756097560974
0.5	134.48	0.4581073170731707
0.5	135.62	0.004878048780487805
0.5	137.31	0.39037073170731706
0.5	137.49	0.3086829268292683
0.5	137.66	0.5111268292682928
0.5	137.87	0.9464341463414635
0.5	138.05	0.8496048780487804
0.5	138.72	0.4656390243902439
0.5	139.45	0.43066341463414637
0.5	139.97	0.46264390243902437
0.5	139.99	0.008663414634146343
0.5	140.75	0.5157219512195123
0.5	142.05	0.1334487804878049
0.5	142.2	0.6367609756097561
0.5	142.23	0.356
0.5	143.2	0.004878048780487805
0.5	144.8	0.31170243902439027
0.5	145.24	0.43571219512195125
0.5	145.66	0.8088731707317072
0.5	146.44	0.6789414634146342
0.5	146.5	0.4883707317073171
0.5	146.92	0.20095609756097563
0.5	148.23	0.72
0.5	150.08	0.004878048780487805
0.5	150.95	0.004878048780487805
0.5	151.04	0.004878048780487805
0.5	151.45	0.8706195121951219
0.5	151.46	0.004878048780487805
0.5	151.76	0.3461170731707317
0.5	152.67	0.6683560975609755
0.5	153.44	0.38819024390243906
0.5	153.65	0.004878048780487805
0.5	154.88	0.615780487804878
0.5	156.16	0.48660487804878044
0.5	156.35	0.24650243902439026
0.5	156.45	0.004878048780487805
0.5	156.98	0.007453658536585366
0.5	157.66	0.2372878048780488
0.5	158.12	0.6087512195121951
0.5	159.2	0.007346341463414633
0.5	163.13	0.007229268292682926
0.5	163.79	0.004878048780487805
0.5	163.89	0.007434146341463414
0.5	164.22	0.4819951219512195
0.5	164.46	0.47668780487804874
0.5	164.68	0.004878048780487805
0.5	165.5	0.004878048780487805
0.5	166.53	0.22586341463414636
0.5	168.42	0.004878048780487805
0.5	169.02	0.3385414634146341
0.5	169.16	0.004878048780487805
0.5	169.65	0.004878048780487805
0.5	169.71	0.004878048780487805
0.5	171.62	0.007390243902439024
0.5	171.68	0.48775121951219513
0.5	173.29	0.2866390243902439
0.5	173.75	0.44557560975609756
0.5	174.47	0.007253658536585365
0.5	176.03	0.007170731707317073
0.5	178.55	0.007429268292682927
0.5	178.7	0.004878048780487805
0.5	178.73	0.004878048780487805
0.5	179.12	0.004878048780487805
0.5	179.97	0.004878048780487805
0.5	180.75	0.004878048780487805
0.5	181.14	0.004878048780487805
0.5	181.68	0.004878048780487805
0.5	182.16	0.004878048780487805
0.5	182.28	0.004878048780487805
0.5	182.47	0.004878048780487805
0.5	186.81	0.004878048780487805
0.5	186.84	0.004878048780487805
0.7000000000000001	2.23	0.9992536585365853
0.7000000000000001	2.31	0.9991951219512195
0.7000000000000001	3.52	0.9991707317073172
0.7000000000000001	5.24	0.9992780487804878
0.7000000000000001	6.12	0.9991121951219514
0.7000000000000001	8.29	0.999229268292683
0.7000000000000001	9.28	0.9992439024390244
0.7000000000000001	9.32	0.9992439024390244
0.7000000000000001	9.98	0.9991121951219514
0.7000000000000001	11.06	0.9992000000000001
0.7000000000000001	13.43	0.9992243902439024
0.7000000000000001	14.12	0.9991317073170732
0.7000000000000001	15.31	0.9992585365853659
0.7000000000000001	16.44	0.999190243902439
0.7000000000000001	17.82	0.9991804878048781
0.7000000000000001	18.23	0.9990926829268294
0.7000000000000001	18.82	0.9992341463414635
0.7000000000000001	19.44	0.999219512195122
0.7000000000000001	21.92	0.9992146341463415
0.7000000000000001	22.53	0.9992829268292682
0.7000000000000001	24.79	0.9990780487804879
0.7000000000000001	25.64	0.9991512195121951
0.7000000000000001	26.17	0.999190243902439
0.7000000000000001	26.3	0.9993024390243902
0.7000000000000001	26.95	0.9991658536585366
0.7000000000000001	27.93	0.9992780487804879
0.7000000000000001	28.65	0.9993024390243903
0.7000000000000001	29.37	0.9992048780487806
0.7000000000000001	29.55	0.9992243902439024
0.7000000000000001	30.5	0.9991219512195123
0.7000000000000001	36.01	0.9992487804878049
0.7000000000000001	37.36	0.9992780487804878
0.7000000000000001	37.9	0.9991365853658537
0.7000000000000001	38.11	0.9993073170731707
0.7000000000000001	38.27	0.9991219512195123
0.7000000000000001	38.94	0.9992146341463415
0.7000000000000001	39.69	0.9991658536585366
0.7000000000000001	40.46	0.999229268292683
0.7000000000000001	40.57	0.9990926829268293
0.7000000000000001	41.22	0.9991707317073172
0.7000000000000001	42.17	0.9992634146341464
0.7000000000000001	44.47	0.9992341463414635
0.7000000000000001	46.4	0.9991414634146343
0.7000000000000001	46.81	0.9992878048780487
0.7000000000000001	51.73	0.9991317073170731
0.7000000000000001	51.75	0.9991804878048781
0.7000000000000001	54.86	0.9991756097560976
0.7000000000000001	56.74	0.9991170731707318
0.7000000000000001	56.76	0.9992390243902439
0.7000000000000001	59.1	0.9991658536585366
0.7000000000000001	61.39	0.999190243902439
0.7000000000000001	63.14	0.9992682926829268
0.7000000000000001	64.97	0.9684780487804878
0.7000000000000001	66.24	0.9992341463414635
0.7000000000000001	67.81	0.9991317073170731
0.7000000000000001	68.17	0.9990878048780489
0.7000000000000001	69.84	0.999219512195122
0.7000000000000001	70.04	0.878780487804878
0.7000000000000001	70.82	0.9991707317073172
0.7000000000000001	71.14	0.9981073170731709
0.7000000000000001	74.4	0.999190243902439
0.7000000000000001	74.98	0.9952390243902439
0.7000000000000001	75.2	0.9982878048780489
0.7000000000000001	76.47	0.9677024390243902
0.7000000000000001	78.54	0.9981317073170732
0.7000000000000001	78.97	0.9992390243902439
0.7000000000000001	79.33	0.9991512195121952
0.7000000000000001	79.33	0.9992829268292683
0.7000000000000001	79.49	0.9981951219512195
0.7000000000000001	79.68	0.9992000000000001
0.7000000000000001	80.22	0.9991121951219514
0.7000000000000001	81.51	0.9991804878048781
0.7000000000000001	81.65	0.9972048780487806
0.7000000000000001	81.9	0.9991756097560976
0.7000000000000001	82.16	0.9991024390243903
0.7000000000000001	82.4	0.9556878048780488
0.7000000000000001	83.35	0.9982536585365853
0.7000000000000001	84.01	0.8234975609756098
0.7000000000000001	84.55	0.9140536585365853
0.7000000000000001	86.24	0.9991951219512195
0.7000000000000001	87.19	0.9857268292682927
0.7000000000000001	87.42	0.9759170731707317
0.7000000000000001	87.49	0.9982243902439024
0.7000000000000001	87.66	0.9653853658536586
0.7000000000000001	92.45	0.9991414634146343
0.7000000000000001	92.5	0.9983219512195123
0.7000000000000001	94.94	0.9925121951219512
0.7000000000000001	97.34	0.9992585365853659
0.7000000000000001	98.8	0.9991756097560976
0.7000000000000001	99.58	0.9991853658536586
0.7000000000000001	100.27	0.9992634146341465
0.7000000000000001	100.62	0.9991707317073172
0.7000000000000001	100.9	0.9973365853658537
0.7000000000000001	101.73	0.9875219512195121
0.7000000000000001	101.86	0.9992048780487806
0.7000000000000001	102.07	0.9527951219512195
0.7000000000000001	102.17	0.9982585365853659
0.7000000000000001	106.62	0.9854878048780488
0.7000000000000001	107.42	0.9953170731707316
0.7000000000000001	108.32	0.845848780487805
0.7000000000000001	108.71	0.8102731707317073
0.7000000000000001	108.72	0.998229268292683
0.7000000000000001	109.31	0.9982439024390244
0.7000000000000001	110.18	0.6705658536585365
0.7000000000000001	111.94	0.9991609756097561
0.7000000000000001	112.4	0.9925024390243903
0.7000000000000001	113.61	0.9007365853658537
0.7000000000000001	113.75	0.9516829268292684
0.7000000000000001	113.87	0.9508341463414635
0.7000000000000001	116.24	0.8587707317073171
0.7000000000000001	116.75	0.9991170731707317
0.7000000000000001	117.72	0.9982829268292682
0.7000000000000001	119.03	0.8473951219512196
0.7000000000000001	120.24	0.5074097560975609
0.7000000000000001	120.85	0.8767268292682927
0.7000000000000001	123.11	0.43818536585365847
0.7000000000000001	124.35	0.9903951219512196
0.7000000000000001	124.6	0.9944097560975611
0.7000000000000001	125.51	0.6770878048780486
0.7000000000000001	125.87	0.9798439024390244
0.7000000000000001	126.0	0.011770731707317076
0.7000000000000001	126.16	0.004878048780487805
0.7000000000000001	126.69	0.9846439024390244
0.7000000000000001	127.37	0.8317707317073171
0.7000000000000001	127.72	0.9187609756097561
0.7000000000000001	129.12	0.9962878048780488
0.7000000000000001	130.03	0.8469951219512195
0.7000000000000001	130.66	0.9981658536585367
0.7000000000000001	130.86	0.8555853658536584
0.7000000000000001	131.2	0.8013658536585367
0.7000000000000001	133.22	0.6919219512195122
0.7000000000000001	133.81	0.7067073170731707
0.7000000000000001	134.13	0.5050048780487805
0.7000000000000001	134.48	0.6946536585365852
0.7000000000000001	135.62	0.004878048780487805
0.7000000000000001	137.31	0.6745073170731707
0.7000000000000001	137.49	0.5786536585365852
0.7000000000000001	137.66	0.6778780487804877
0.7000000000000001	137.87	0.9964097560975611
0.7000000000000001	138.05	0.9755560975609756
0.7000000000000001	138.72	0.6868487804878047
0.7000000000000001	139.45	0.7173853658536585
0.7000000000000001	139.97	0.6635756097560975
0.7000000000000001	139.99	0.01042439024390244
0.7000000000000001	140.75	0.7896780487804879
0.7000000000000001	142.05	0.3668243902439025
0.7000000000000001	142.2	0.8476341463414633
0.7000000000000001	142.23	0.6447024390243903
0.7000000000000001	143.2	0.004878048780487805
0.7000000000000001	144.8	0.5824878048780487
0.7000000000000001	145.24	0.6792829268292683
0.7000000000000001	145.66	0.9456146341463416
0.7000000000000001	146.44	0.9359951219512195
0.7000000000000001	146.5	0.7119170731707316
0.7000000000000001	146.92	0.45221463414634144
0.7000000000000001	148.23	0.9238682926829268
0.7000000000000001	150.08	0.004878048780487805
0.7000000000000001	150.95	0.004878048780487805
0.7000000000000001	151.04	0.004878048780487805
0.7000000000000001	151.45	0.9787268292682927
0.7000000000000001	151.46	0.004878048780487805
0.7000000000000001	151.76	0.622921951219512
0.7000000000000001	152.67	0.9209170731707318
0.7000000000000001	153.44	0.6422585365853658
0.7000000000000001	153.65	0.004878048780487805
0.7000000000000001	154.88	0.8405463414634146
0.7000000000000001	156.16	0.6980390243902439
0.7000000000000001	156.35	0.4929073170731707
0.7000000000000001	156.45	0.004878048780487805
0.7000000000000001	156.98	0.008263414634146342
0.7000000000000001	157.66	0.4522926829268292
0.7000000000000001	158.12	0.8458487804878048
0.7000000000000001	159.2	0.00824390243902439
0.7000000000000001	163.13	0.008160975609756097
0.7000000000000001	163.79	0.004878048780487805
0.7000000000000001	163.89	0.008175609756097562
0.7000000000000001	164.22	0.7029170731707316
0.7000000000000001	164.46	0.692990243902439
0.7000000000000001	164.68	0.004878048780487805
0.7000000000000001	165.5	0.004878048780487805
0.7000000000000001	166.53	0.4775121951219512
0.7000000000000001	168.42	0.004878048780487805
0.7000000000000001	169.02	0.6199707317073171
0.7000000000000001	169.16	0.004878048780487805
0.7000000000000001	169.65	0.004878048780487805
0.7000000000000001	169.71	0.004878048780487805
0.7000000000000001	171.62	0.008297560975609755
0.7000000000000001	171.68	0.7010487804878048
0.7000000000000001	173.29	0.6122926829268293
0.7000000000000001	173.75	0.6940243902439024
0.7000000000000001	174.47	0.00826829268292683
0.7000000000000001	176.03	0.008278048780487804
0.7000000000000001	178.55	0.008229268292682928
0.7000000000000001	178.7	0.004878048780487805
0.7000000000000001	178.73	0.004878048780487805
0.7000000000000001	179.12	0.004878048780487805
0.7000000000000001	179.97	0.004878048780487805
0.7000000000000001	180.75	0.004878048780487805
0.7000000000000001	181.14	0.004878048780487805
0.7000000000000001	181.68	0.004878048780487805
0.7000000000000001	182.16	0.004878048780487805
0.7000000000000001	182.28	0.004878048780487805
0.7000000000000001	182.47	0.004878048780487805
0.7000000000000001	186.81	0.004878048780487805
0.7000000000000001	186.84	0.004878048780487805
0.9	2.23	0.9999658536585366
0.9	2.31	0.9999463414634147
0.9	3.52	0.9999609756097562
0.9	5.24	0.9999317073170733
0.9	6.12	0.9999512195121951
0.9	8.29	0.9999365853658537
0.9	9.28	0.9999073170731708
0.9	9.32	0.9999512195121951
0.9	9.98	0.9999707317073171
0.9	11.06	0.9999365853658537
0.9	13.43	0.9999609756097562
0.9	14.12	0.9999463414634147
0.9	15.31	0.9999365853658537
0.9	16.44	0.9999463414634147
0.9	17.82	0.9999512195121951
0.9	18.23	0.9999219512195122
0.9	18.82	0.9999365853658537
0.9	19.44	0.9999609756097562
0.9	21.92	0.9999463414634147
0.9	22.53	0.9999512195121951
0.9	24.79	0.9999707317073171
0.9	25.64	0.9999414634146342
0.9	26.17	0.9999170731707318
0.9	26.3	0.9999317073170733
0.9	26.95	0.9999365853658537
0.9	27.93	0.9999121951219513
0.9	28.65	0.9999512195121951
0.9	29.37	0.9999317073170733
0.9	29.55	0.9999658536585366
0.9	30.5	0.9999560975609757
0.9	36.01	0.9999756097560976
0.9	37.36	0.9999463414634147
0.9	37.9	0.9999414634146342
0.9	38.11	0.9999121951219513
0.9	38.27	0.9999658536585366
0.9	38.94	0.9999414634146342
0.9	39.69	0.9999463414634147
0.9	40.46	0.9999609756097562
0.9	40.57	0.9999365853658537
0.9	41.22	0.9999560975609757
0.9	42.17	0.9999512195121951
0.9	44.47	0.999980487804878
0.9	46.4	0.9999560975609757
0.9	46.81	0.9999512195121951
0.9	51.73	0.9999463414634147
0.9	51.75	0.9999463414634147
0.9	54.86	0.9999463414634147
0.9	56.74	0.9999609756097562
0.9	56.76	0.9999219512195122
0.9	59.1	0.9999121951219513
0.9	61.39	0.9999414634146342
0.9	63.14	0.9999512195121951
0.9	64.97	0.9989560975609757
0.9	66.24	0.9999317073170733
0.9	67.81	0.9999463414634147
0.9	68.17	0.9999317073170733
0.9	69.84	0.9999512195121951
0.9	70.04	0.9861463414634145
0.9	70.82	0.9999463414634147
0.9	71.14	0.9999268292682928
0.9	74.4	0.9999414634146342
0.9	74.98	0.9999512195121951
0.9	75.2	0.9999512195121951
0.9	76.47	0.9989707317073171
0.9	78.54	0.9999560975609757
0.9	78.97	0.9999317073170733
0.9	79.33	0.9999463414634147
0.9	79.33	0.9999707317073171
0.9	79.49	0.9999609756097562
0.9	79.68	0.9999463414634147
0.9	80.22	0.9999170731707318
0.9	81.51	0.9999463414634147
0.9	81.65	0.9999268292682928
0.9	81.9	0.9999121951219513
0.9	82.16	0.9999512195121951
0.9	82.4	0.9999414634146342
0.9	83.35	0.9999658536585366
0.9	84.01	0.9851268292682928
0.9	84.55	0.9910682926829267
0.9	86.24	0.9999560975609757
0.9	87.19	0.9999658536585366
0.9	87.42	0.9989951219512195
0.9	87.49	0.9999268292682928
0.9	87.66	0.9979560975609757
0.9	92.45	0.9999512195121951
0.9	92.5	0.9999658536585366
0.9	94.94	0.9999414634146342
0.9	97.34	0.9999414634146342
0.9	98.8	0.9999560975609757
0.9	99.58	0.9999317073170733
0.9	100.27	0.9999560975609757
0.9	100.62	0.999980487804878
0.9	100.9	0.9999268292682928
0.9	101.73	0.9979707317073171
0.9	101.86	0.9999512195121951
0.9	102.07	0.9959951219512195
0.9	102.17	0.9999317073170733
0.9	106.62	0.9999512195121951
0.9	107.42	0.9999560975609757
0.9	108.32	0.9891560975609757
0.9	108.71	0.9652682926829268
0.9	108.72	0.9999463414634147
0.9	109.31	0.9999365853658537
0.9	110.18	0.912209756097561
0.9	111.94	0.9999512195121951
0.9	112.4	0.9999268292682928
0.9	113.61	0.9900097560975609
0.9	113.75	0.9989658536585366
0.9	113.87	0.9979707317073171
0.9	116.24	0.977170731707317
0.9	116.75	0.9999463414634147
0.9	117.72	0.9999317073170733
0.9	119.03	0.9890829268292683
0.9	120.24	0.8140439024390244
0.9	120.85	0.9970341463414634
0.9	123.11	0.8109317073170732
0.9	124.35	0.9999609756097562
0.9	124.6	0.9999560975609757
0.9	125.51	0.903429268292683
0.9	125.87	0.999
0.9	126.0	0.013687804878048786
0.9	126.16	0.004878048780487805
0.9	126.69	0.9999073170731708
0.9	127.37	0.9810926829268293
0.9	127.72	0.9970097560975609
0.9	129.12	0.9999560975609757
0.9	130.03	0.9722926829268292
0.9	130.66	0.9999560975609757
0.9	130.86	0.9850926829268292
0.9	131.2	0.9752975609756098
0.9	133.22	0.8984341463414633
0.9	133.81	0.906209756097561
0.9	134.13	0.7965853658536585
0.9	134.48	0.890429268292683
0.9	135.62	0.004878048780487805
0.9	137.31	0.9068097560975609
0.9	137.49	0.8975512195121951
0.9	137.66	0.9093756097560975
0.9	137.87	0.9999463414634147
0.9	138.05	0.9980048780487805
0.9	138.72	0.892448780487805
0.9	139.45	0.9157951219512195
0.9	139.97	0.908770731707317
0.9	139.99	0.013092682926829273
0.9	140.75	0.9742731707317073
0.9	142.05	0.7428926829268291
0.9	142.2	0.9831219512195122
0.9	142.23	0.907448780487805
0.9	143.2	0.004878048780487805
0.9	144.8	0.8793121951219511
0.9	145.24	0.9014146341463413
0.9	145.66	0.9999414634146342
0.9	146.44	0.9989951219512195
0.9	146.5	0.8914926829268293
0.9	146.92	0.8198000000000001
0.9	148.23	0.9940097560975609
0.9	150.08	0.004878048780487805
0.9	150.95	0.004878048780487805
0.9	151.04	0.004878048780487805
0.9	151.45	0.9989707317073171
0.9	151.46	0.004878048780487805
0.9	151.76	0.9134341463414635
0.9	152.67	0.9970048780487805
0.9	153.44	0.8949853658536585
0.9	153.65	0.004878048780487805
0.9	154.88	0.9821170731707316
0.9	156.16	0.889980487804878
0.9	156.35	0.8088341463414633
0.9	156.45	0.004878048780487805
0.9	156.98	0.009302439024390246
0.9	157.66	0.8127219512195122
0.9	158.12	0.979160975609756
0.9	159.2	0.009258536585365854
0.9	163.13	0.009258536585365853
0.9	163.79	0.004878048780487805
0.9	163.89	0.009258536585365854
0.9	164.22	0.8845024390243903
0.9	164.46	0.9028878048780489
0.9	164.68	0.004878048780487805
0.9	165.5	0.004878048780487805
0.9	166.53	0.7785951219512194
0.9	168.42	0.004878048780487805
0.9	169.02	0.8825902439024389
0.9	169.16	0.004878048780487805
0.9	169.65	0.004878048780487805
0.9	169.71	0.004878048780487805
0.9	171.62	0.009287804878048781
0.9	171.68	0.8984487804878049
0.9	173.29	0.8956195121951218
0.9	173.75	0.910780487804878
0.9	174.47	0.009243902439024392
0.9	176.03	0.009239024390243902
0.9	178.55	0.009243902439024392
0.9	178.7	0.004878048780487805
0.9	178.73	0.004878048780487805
0.9	179.12	0.004878048780487805
0.9	179.97	0.004878048780487805
0.9	180.75	0.004878048780487805
0.9	181.14	0.004878048780487805
0.9	181.68	0.004878048780487805
0.9	182.16	0.004878048780487805
0.9	182.28	0.004878048780487805
0.9	182.47	0.004878048780487805
0.9	186.81	0.004878048780487805
0.9	186.84	0.004878048780487805
